hour,price,pv_available,reference_load,load,pv,import,export,dual_load_min,dual_load_max,dual_load_balance,dual_pv_min,dual_pv_max
0,1.1,0.0,0.0,0.0,0.0,0.0,0.0,-0.0,0.0,1.6,-0.0,0.19000000000000017
1,1.05,0.0,0.0,0.0,0.0,0.0,0.0,-0.0,0.0,1.55,-0.0,0.14000000000000012
2,1.0,0.0,0.0,0.0,0.0,0.0,0.0,-0.0,0.0,1.5,-0.0,0.09000000000000008
3,0.9,0.0,0.0,0.0,0.0,0.0,0.0,-0.0,0.0,1.4,-0.0,0.0
4,0.85,0.0,0.0,0.0,0.0,0.0,0.0,-0.0,0.0,1.35,-0.0,0.0
5,1.01,0.30000000000000004,0.24,6.08879784780925e-11,1.1145231379189334e-10,9.11837236492992e-11,1.4174805896310004e-10,-0.0,0.0,1.050897195611095,-0.0,0.0
6,1.05,0.8400000000000001,0.72,8.459124864319084e-11,1.269572114995786e-10,9.370006924304118e-11,1.3606603209942878e-10,-0.0,0.0,1.1066450884882706,-0.0,0.0
7,1.2,1.26,1.5,1.7450177845512444e-10,2.1248271240475854e-10,9.511987866953774e-11,1.3310081261917164e-10,-0.0,0.0,1.2439604924675969,-0.0,0.0
8,1.4,0.8999999999999999,2.0999999999999996,5.734865384808565e-10,6.362420729691923e-10,8.782711583895032e-11,1.5058265032728665e-10,-0.0,0.0,1.3605587953274825,-0.0,0.0
9,1.6,0.72,2.7,0.3206547421154148,0.32065474228080537,7.235838314326086e-11,2.3774897368581e-10,-0.0,0.0,1.4099999999693187,-0.0,0.0
10,1.5,1.26,3.5999999999999996,1.2206547397948113,1.2206547398712446,8.462251786795094e-11,1.6105574905533001e-10,-0.0,0.0,1.4100000012280502,-0.0,0.0
11,1.1,1.5,4.199999999999999,1.5002908081857214,1.499999999737052,0.0002908085041519509,5.548242665582683e-11,-0.0,0.0,1.599847667091325,-0.0,0.1898476670913252
12,1.05,5.1,4.800000000000001,2.4206547418303557,2.420654741539426,3.566234598967117e-10,6.569379525636282e-11,-0.0,0.0,1.4099999999980086,-0.0,0.0
13,1.0,4.5,4.68,2.3006547418278864,2.3006547413347773,5.547476044391045e-10,6.163862270704767e-11,-0.0,0.0,1.4100000000009996,-0.0,0.0
14,0.95,3.3000000000000003,3.5999999999999996,1.2206547418956233,1.2206547407054962,1.2481821040086272e-09,5.8054981865382575e-11,-0.0,0.0,1.409999999983109,-0.0,0.0
15,1.0,2.58,2.4000000000000004,0.020654749926736972,0.020654749433628158,5.547474407758679e-10,6.163862472766359e-11,-0.0,0.0,1.4099999976022866,-0.0,0.0
16,1.2,1.3800000000000001,1.2000000000000002,1.183579405216499e-10,1.802300389352074e-10,8.805462210528542e-11,1.4992672051884272e-10,-0.0,0.0,1.2070832800244435,-0.0,0.0
17,1.5,0.30000000000000004,0.48,5.1634789127941575e-11,3.1475863333967054e-10,6.669233899349773e-11,3.298161832052264e-10,-0.0,0.0,1.2750338824226821,-0.0,0.0
18,2.1,1.5,0.12,3.065114628700021e-11,1.5,5.547476045977772e-11,1.5000000000248237,-0.0,0.0,1.700000000033285,-0.0,0.2900000000332852
19,2.5,1.5,0.0,2.3774897323215747e-11,1.5,5.547476045977772e-11,1.5000000000316998,-0.0,0.0,2.100000000033285,-0.0,0.6900000000332851
20,2.2,0.0,0.0,0.0,0.0,0.0,0.0,-0.0,0.0,2.7,-0.0,1.2900000000000003
21,1.8,0.0,0.0,0.0,0.0,0.0,0.0,-0.0,0.0,2.3,-0.0,0.8899999999999999
22,1.4,0.0,0.0,0.0,0.0,0.0,0.0,-0.0,0.0,1.9,-0.0,0.49
23,1.2,0.0,0.0,0.0,0.0,0.0,0.0,-0.0,0.0,1.7,-0.0,0.29000000000000004
