hour,price,pv_available,reference_load,load,pv,import,export,deviation,dual_deviation_above,dual_deviation_below,dual_load_min,dual_load_max,dual_load_balance,dual_pv_min,dual_pv_max
0,1.1,0.0,0.0,0.0,0.0,0.0,0.0,0.0,-1.45,0.0,0.0,0.0,1.6,0.0,0.19000000000000017
1,1.05,0.0,0.0,0.0,0.0,0.0,0.0,0.0,-1.45,0.0,0.0,0.0,1.55,0.0,0.14000000000000012
2,1.0,0.0,0.0,0.0,0.0,0.0,0.0,0.0,-1.45,0.0,0.0,0.0,1.5,0.0,0.09000000000000008
3,0.9,0.0,0.0,0.0,0.0,0.0,0.0,0.0,-1.45,0.0,0.0,0.0,1.4,0.0,0.0
4,0.85,0.0,0.0,0.0,0.0,0.0,0.0,0.0,-1.45,0.0,0.0,0.0,1.35,0.0,0.0
5,1.01,0.30000000000000004,0.24,0.24,0.24,0.0,0.0,0.0,0.0,-1.41,0.0,0.0,1.41,0.0,0.0
6,1.05,0.8400000000000001,0.72,0.72,0.72,0.0,0.0,0.0,0.0,-1.41,0.0,0.0,1.41,0.0,0.0
7,1.2,1.26,1.5,1.26,1.26,0.0,0.0,0.24,0.0,-1.45,0.0,0.0,1.45,0.0,0.040000000000000036
8,1.4,0.8999999999999999,2.0999999999999996,0.8999999999999999,0.8999999999999999,0.0,0.0,1.1999999999999997,0.0,-1.45,0.0,0.0,1.45,0.0,0.040000000000000036
9,1.6,0.72,2.7,0.72,0.72,0.0,0.0,1.9800000000000002,0.0,-1.45,0.0,0.0,1.45,0.0,0.040000000000000036
10,1.5,1.26,3.5999999999999996,1.26,1.26,0.0,0.0,2.34,0.0,-1.45,0.0,0.0,1.45,0.0,0.040000000000000036
11,1.1,1.5,4.199999999999999,1.5,1.5,0.0,0.0,2.6999999999999993,0.0,-1.45,0.0,0.0,1.45,0.0,0.040000000000000036
12,1.05,5.1,4.800000000000001,4.800000000000001,4.800000000000001,0.0,0.0,0.0,0.0,-1.41,0.0,0.0,1.41,0.0,0.0
13,1.0,4.5,4.68,4.5,4.5,0.0,0.0,0.17999999999999972,0.0,-1.45,0.0,0.0,1.45,0.0,0.040000000000000036
14,0.95,3.3000000000000003,3.5999999999999996,3.5999999999999996,3.3000000000000003,0.2999999999999994,0.0,0.0,0.0,-1.45,0.0,0.0,1.45,0.0,0.040000000000000036
15,1.0,2.58,2.4000000000000004,2.4000000000000004,2.4000000000000004,0.0,0.0,0.0,0.0,-1.41,0.0,0.0,1.41,0.0,0.0
16,1.2,1.3800000000000001,1.2000000000000002,1.2000000000000002,1.2000000000000002,0.0,0.0,0.0,0.0,-1.41,0.0,0.0,1.41,0.0,0.0
17,1.5,0.30000000000000004,0.48,0.30000000000000004,0.30000000000000004,0.0,0.0,0.17999999999999994,0.0,-1.45,0.0,0.0,1.45,0.0,0.040000000000000036
18,2.1,1.5,0.12,0.0,1.5,0.0,1.5,0.12,0.0,-1.45,0.0,0.0,1.7000000000000002,0.0,0.29000000000000026
19,2.5,1.5,0.0,0.0,1.5,0.0,1.5,0.0,-1.45,0.0,0.0,0.0,2.1,0.0,0.6900000000000002
20,2.2,0.0,0.0,0.0,0.0,0.0,0.0,0.0,-1.45,0.0,0.0,0.0,2.7,0.0,1.2900000000000003
21,1.8,0.0,0.0,0.0,0.0,0.0,0.0,0.0,-1.45,0.0,0.0,0.0,2.3,0.0,0.8899999999999999
22,1.4,0.0,0.0,0.0,0.0,0.0,0.0,0.0,-1.45,0.0,0.0,0.0,1.9,0.0,0.49
23,1.2,0.0,0.0,0.0,0.0,0.0,0.0,0.0,-1.45,0.0,0.0,0.0,1.7,0.0,0.29000000000000004
