hour,price,pv_available,load,pv,import,export,dual_load_max,dual_load_balance,dual_pv_max
0,1.1,0.0,0.0,0.0,0.0,0.0,0.0,1.6,0.19000000000000017
1,1.05,0.0,0.0,0.0,0.0,0.0,0.0,1.55,0.14000000000000012
2,1.0,0.0,0.0,0.0,0.0,0.0,0.0,1.5,0.09000000000000008
3,0.9,0.0,6.0,0.0,6.0,0.0,0.030000000000000027,1.4,0.0
4,0.85,0.0,6.0,0.0,6.0,0.0,0.07999999999999985,1.35,0.0
5,1.01,0.30000000000000004,0.30000000000000004,0.30000000000000004,0.0,0.0,0.0,1.43,0.020000000000000018
6,1.05,0.8400000000000001,0.8400000000000001,0.8400000000000001,0.0,0.0,0.0,1.43,0.020000000000000018
7,1.2,1.26,1.26,1.26,0.0,0.0,0.0,1.43,0.020000000000000018
8,1.4,0.8999999999999999,0.8999999999999999,0.8999999999999999,0.0,0.0,0.0,1.43,0.020000000000000018
9,1.6,0.72,0.72,0.72,0.0,0.0,0.0,1.43,0.020000000000000018
10,1.5,1.26,1.26,1.26,0.0,0.0,0.0,1.43,0.020000000000000018
11,1.1,1.5,1.5,1.5,0.0,0.0,0.0,1.43,0.020000000000000018
12,1.05,5.1,5.1,5.1,0.0,0.0,0.0,1.43,0.020000000000000018
13,1.0,4.5,4.5,4.5,0.0,0.0,0.0,1.43,0.020000000000000018
14,0.95,3.3000000000000003,3.3000000000000003,3.3000000000000003,0.0,0.0,0.0,1.43,0.020000000000000018
15,1.0,2.58,2.58,2.58,0.0,0.0,0.0,1.43,0.020000000000000018
16,1.2,1.3800000000000001,1.3800000000000001,1.3800000000000001,0.0,0.0,0.0,1.43,0.020000000000000018
17,1.5,0.30000000000000004,0.30000000000000004,0.30000000000000004,0.0,0.0,0.0,1.43,0.020000000000000018
18,2.1,1.5,0.0,1.5,0.0,1.5,0.0,1.7000000000000002,0.29000000000000026
19,2.5,1.5,0.0,1.5,0.0,1.5,0.0,2.1,0.6900000000000002
20,2.2,0.0,0.0,0.0,0.0,0.0,0.0,2.7,1.2900000000000003
21,1.8,0.0,0.0,0.0,0.0,0.0,0.0,2.3,0.8899999999999999
22,1.4,0.0,0.0,0.0,0.0,0.0,0.0,1.9,0.49
23,1.2,0.0,0.0,0.0,0.0,0.0,0.0,1.7,0.29000000000000004
